{
  "k1": {
    "20": {
      "dense": {"mean": 0.1205, "std": 0.003899, "n_seeds": 5, "values": [0.12525, 0.122, 0.11725, 0.12325, 0.11475]},
      "window": {"mean": 0.1129, "std": 0.0033, "n_seeds": 5, "values": [0.11575, 0.10925, 0.1085, 0.11575, 0.11525]},
      "graph": {"mean": 0.6745, "std": 0.072098, "n_seeds": 5, "values": [0.64075, 0.67575, 0.7555, 0.55775, 0.74275]}
    },
    "40": {
      "dense": {"mean": 0.07395, "std": 0.013269, "n_seeds": 5, "values": [0.06325, 0.08675, 0.08375, 0.08275, 0.05325]},
      "window": {"mean": 0.05855, "std": 0.004799, "n_seeds": 5, "values": [0.06175, 0.05825, 0.05075, 0.065, 0.057]},
      "graph": {"mean": 0.5024, "std": 0.123794, "n_seeds": 5, "values": [0.562, 0.57275, 0.255, 0.56425, 0.558]}
    },
    "80": {
      "dense": {"mean": 0.05335, "std": 0.009358, "n_seeds": 5, "values": [0.03675, 0.06125, 0.0605, 0.04925, 0.059]},
      "window": {"mean": 0.0388, "std": 0.001279, "n_seeds": 5, "values": [0.04025, 0.0365, 0.03925, 0.0395, 0.0385]},
      "graph": {"mean": 0.0447, "std": 0.008511, "n_seeds": 5, "values": [0.037, 0.04, 0.06075, 0.04575, 0.04]}
    }
  },
  "k2": {
    "20": {
      "dense": {"mean": 0.107167, "std": 0.001359, "n_seeds": 3, "values": [0.10525, 0.10825, 0.108]},
      "window": {"mean": 0.101417, "std": 0.003381, "n_seeds": 3, "values": [0.101, 0.0975, 0.10575]},
      "graph": {"mean": 0.10975, "std": 0.003048, "n_seeds": 3, "values": [0.107, 0.10825, 0.114]}
    },
    "40": {
      "dense": {"mean": 0.057083, "std": 0.004312, "n_seeds": 3, "values": [0.0605, 0.05975, 0.051]},
      "window": {"mean": 0.052667, "std": 0.001559, "n_seeds": 3, "values": [0.05475, 0.05225, 0.051]},
      "graph": {"mean": 0.075333, "std": 0.002552, "n_seeds": 3, "values": [0.0775, 0.07175, 0.07675]}
    },
    "80": {
      "dense": {"mean": 0.043583, "std": 0.004789, "n_seeds": 3, "values": [0.04825, 0.0455, 0.037]},
      "window": {"mean": 0.039167, "std": 0.001559, "n_seeds": 3, "values": [0.04125, 0.03875, 0.0375]},
      "graph": {"mean": 0.04175, "std": 0.004477, "n_seeds": 3, "values": [0.048, 0.0395, 0.03775]}
    }
  },
  "k3": {
    "40": {
      "dense": {"mean": 0.05375, "std": 0.0, "n_seeds": 1, "values": [0.05375]},
      "window": {"mean": 0.04175, "std": 0.0, "n_seeds": 1, "values": [0.04175]},
      "graph": {"mean": 0.0755, "std": 0.0, "n_seeds": 1, "values": [0.0755]}
    }
  }
}
